{
  "message_from" : "General Message Panzerkrieger.wav",
  "taunt_1"      : "taunt01.wav",
  "taunt_2"      : "taunt02.wav",
  "taunt_3"      : "taunt03.wav",
  "taunt_4"      : "taunt04.wav",
  "anger_1"      : "anger01.wav",
  "anger_2"      : "anger02.wav",
  "plead"        : "plead01.wav",
  "nervous_1"    : "nervous01.wav",
  "nervous_2"    : "nervous02.wav",
  "victory_1"    : "vict01.wav",
  "victory_2"    : "vict02.wav",
  "victory_3"    : "vict03.wav",
  "victory_4"    : "vict04.wav",
  "request"      : "req01.wav",
  "thanks"       : "thanks01.wav",
  "ally_death"   : "allydeath01.wav",
  "congrats"     : "congrats01.wav",
  "boast"        : "boast01.wav",
  "help"         : "help01.wav",
  "extra"        : "extra01.wav",
  "kick_player"  : "playerkick.wav",
  "add_player"   : "playeradd.wav",
  "siege"        : "siege01.wav",
  "no_attack_1"  : "noattack01.wav",
  "no_attack_2"  : "noattack02.wav",
  "no_help_1"    : "nohelp01.wav",
  "no_help_2"    : "nohelp02.wav",
  "no_sent"      : "notsent01.wav",
  "sent"         : "sent01.wav",
  "team_losing"  : "teamlosing01.wav",
  "team_winning" : "teamwinning01.wav",
  "help_sent"    : "help01.wav",
  "will_attack"  : "willattack01.wav"
}