{
  "lord": {
    "StrengthMultiplier": 1.5,
    "DotCount": 0,
    "DotColour": "Blue",
    "Type": "Europ"
  },
  "startTroops": {
    "normal": {
      "Crossbowman": 3,
      "EuropArcher": 3,
	  "Pikeman": 3
    },
    "crusader": {
      "Crossbowman": 10,
      "EuropArcher": 10,
	  "Pikeman": 10
    },
    "deathmatch": {
      "Crossbowman": 3,
      "EuropArcher": 3,
	  "Pikeman": 3
    }
  },
  "aic": {
		"WallDecoration": 11,
				"Unknown001": 0,
				"Unknown002": 0,
				"Unknown003": 0,
				"Unknown004": 1,
				"Unknown005": 1,
				"CriticalPopularity": 7000,
				"LowestPopularity": 9000,
				"HighestPopularity": 10000,
				"TaxesMin": 2,
				"TaxesMax": 9,
				"Unknown011": 10,
				"Farm1": "AppleFarm",
				"Farm2": "AppleFarm",
				"Farm3": "DairyFarm",
				"Farm4": "AppleFarm",
				"Farm5": "HopFarm",
				"Farm6": "DairyFarm",
				"Farm7": "AppleFarm",
				"Farm8": "AppleFarm",
				"PopulationPerFarm": 5,
				"PopulationPerWoodcutter": 7,
				"PopulationPerQuarry": 7,
				"PopulationPerIronmine": 7,
				"PopulationPerPitchrig": 20,
				"MaxQuarries": 2,
				"MaxIronmines": 4,
				"MaxWoodcutters": 6,
				"MaxPitchrigs": 2,
				"MaxFarms": 12,
				"BuildInterval": 2,
				"ResourceRebuildDelay": 40,
				"MaxFood": 25,
				"MinimumApples": 5,
				"MinimumCheese": 0,
				"MinimumBread": 0,
				"MinimumWheat": 0,
				"MinimumHop": 5,
				"TradeAmountFood": 5,
				"TradeAmountEquipment": 2,
				"AIRequestDelay": 12,
				"MinimumGoodsRequiredAfterTrade": 0,
				"DoubleRationsFoodThreshold": 500,
				"MaxWood": 90,
				"MaxStone": 45,
				"MaxResourceOther": 12,
				"MaxEquipment": 12,
				"MaxBeer": 20,
				"MaxResourceVariance": 3,
				"RecruitGoldThreshold": 10,
				"BlacksmithSetting": "Both",
				"FletcherSetting": "Both",
				"PoleturnerSetting": "Pikes",
				"SellResource01": "Swords",
				"SellResource02": "Spears",
				"SellResource03": "Maces",
				"SellResource04": "Wheat",
				"SellResource05": "None",
				"SellResource06": "None",
				"SellResource07": "None",
				"SellResource08": "None",
				"SellResource09": "None",
				"SellResource10": "None",
				"SellResource11": "None",
				"SellResource12": "None",
				"SellResource13": "None",
				"SellResource14": "None",
				"SellResource15": "None",
				"DefWallPatrolRallyTime": 2,
				"DefWallPatrolGroups": 4,
				"DefSiegeEngineGoldThreshold": 200,
				"DefSiegeEngineBuildDelay": 10,
				"Unknown072": 200,
				"Unknown073": 20,
				"RecruitProbDefDefault": 20,
				"RecruitProbDefWeak": 20,
				"RecruitProbDefStrong": 20,
				"RecruitProbRaidDefault": 40,
				"RecruitProbRaidWeak": 40,
				"RecruitProbRaidStrong": 40,
				"RecruitProbAttackDefault": 40,
				"RecruitProbAttackWeak": 40,
				"RecruitProbAttackStrong": 40,
				"SortieUnitRangedMin": 4,
				"SortieUnitRanged": "EuropArcher",
				"SortieUnitMeleeMin": 4,
				"SortieUnitMelee": "Pikeman",
				"DefDiggingUnitMax": 10,
				"DefDiggingUnit": "Pikeman",
				"RecruitInterval": 1,
				"RecruitIntervalWeak": 1,
				"RecruitIntervalStrong": 1,
				"DefTotal": 200,
				"OuterPatrolGroupsCount": 2,
				"OuterPatrolGroupsMove": "True",
				"OuterPatrolRallyDelay": 5,
				"DefWalls": 100,
				"DefUnit1": "Crossbowman",
				"DefUnit2": "EuropArcher",
				"DefUnit3": "Crossbowman",
				"DefUnit4": "Crossbowman",
				"DefUnit5": "Crossbowman",
				"DefUnit6": "EuropArcher",
				"DefUnit7": "Crossbowman",
				"DefUnit8": "Pikeman",
				"RaidUnitsBase": 16,
				"RaidUnitsRandom": 4,
				"RaidUnit1": "EuropArcher",
				"RaidUnit2": "Pikeman",
				"RaidUnit3": "Crossbowman",
				"RaidUnit4": "None",
				"RaidUnit5": "None",
				"RaidUnit6": "None",
				"RaidUnit7": "None",
				"RaidUnit8": "None",
				"HarassingSiegeEngine1": "FireBallista",
				"HarassingSiegeEngine2": "Catapult",
				"HarassingSiegeEngine3": "FireBallista",
				"HarassingSiegeEngine4": "Catapult",
				"HarassingSiegeEngine5": "None",
				"HarassingSiegeEngine6": "None",
				"HarassingSiegeEngine7": "None",
				"HarassingSiegeEngine8": "None",
				"HarassingSiegeEnginesMax": 4,
				"RaidRetargetDelay": 4,
				"AttForceBase": 60,
				"AttForceRandom": 20,
				"AttForceSupportAllyThreshold": 10,
				"AttForceRallyPercentage": 50,
				"Unknown129": 100,
				"AttAssaultDelay": 3,
				"AttUnitPatrolRecommandDelay": 5,
				"Unknown132": 70,
				"SiegeEngine1": "Catapult",
				"SiegeEngine2": "FireBallista",
				"SiegeEngine3": "Catapult",
				"SiegeEngine4": "FireBallista",
				"SiegeEngine5": "None",
				"SiegeEngine6": "None",
				"SiegeEngine7": "None",
				"SiegeEngine8": "None",
				"CowThrowInterval": 10000,
				"Unknown142": 0,
				"AttMaxEngineers": 8,
				"AttDiggingUnit": "Pikeman",
				"AttDiggingUnitMax": 40,
				"AttUnitVanguard": "EuropArcher",
				"AttUnitVanguardMax": 100,
				"AttMaxAssassins": 0,
				"AttMaxLaddermen": 0,
				"AttMaxTunnelers": 0,
				"AttUnitPatrol": "EuropArcher",
				"AttUnitPatrolMax": 100,
				"AttUnitBackupMax": 100,
				"AttUnitBackupGroupsCount": 3,
				"AttUnitPatrolGroupsCount": 0,
				"AttUnitBackup": "Crossbowman",
				"AttUnitEngage": "None",
				"AttUnitEngageMax": 0,
				"AttUnitSiegeDef": "None",
				"AttUnitSiegeDefMax": 0,
				"AttUnitSiegeDefGroupsCount": 0,
				"AttUnitMain1": "Pikeman",
				"AttUnitMain2": "Pikeman",
				"AttUnitMain3": "Pikeman",
				"AttUnitMain4": "Pikeman",
				"AttMaxDefault": 400,
				"AttMainGroupsCount": 2,
				"TargetChoice": "Closest"
  }
}