{
  "ai_name"      : "Panzerkrieger",

  "title_1"      : "\"Der Puma\"",
  "title_2"      : "\"Der Panther\"",
  "title_3"      : "\"Der Leopard\"",
  "title_4"      : "\"Der Gerechte\"",
  "title_5"      : "\"Der Traurige\"",
  "title_6"      : "\"Der Depressive\"",
  "title_7"      : "\"Der Starke\"",
  "title_8"      : "\"Der Schnelle\"",

  "description"  : "Durch eine Freundin bekam er diesen Spitznamen. Amsonsten eine zwiegespaltene Persönlichkeit mit viel Potenzial. Kann er seine Depressionen erst überwinden wird er eine grosse Stärke entfalten ...",

  "unknown_1"    : "(Panzerkrieger)",
  "taunt_1"      : "Je länger ihr zappelt desto mehr wird es wehtun.",
  "taunt_2"      : "Ihr habt es euch mit mir versaut - nun tragt ihr die Konsequenzen!",
  "taunt_3"      : "Ich versteht falsch: Ich bin nicht rachsüchtig aber Gerechtigkeit muss sein!",
  "taunt_4"      : "Ich weiss beim besten Willen nicht wie man darauf kommt mit mir Streit zu suchen ...",
  "anger_1"      : "Ihr fangt langsam an ernsthaft meine Geduld zu reizen.",
  "anger_2"      : "Noch bin ich geduldig ... Sorgt besser nicht dafür dass sich das ändert.",
  "plead"        : "So wurde ich besiegt ... Zu schade ... Dann sei es so!",
  "nervous_1"    : "Das wird einem doch langsam echt zu blöd ...",
  "nervous_2"    : "So schnell bin ich nicht am Ende. Kommt nur!",
  "victory_1"    : "Habt ihr ehrlich gedacht mit so einem billigem Trick seid ihr erfolgreich?",
  "victory_2"    : "Dies ist erst der Anfang. Seht euch vor!",
  "victory_3"    : "Ihr könnt mich nicht besiegen. WANN VERSTEHT IHR DAS ENDLICH!?",
  "victory_4"    : "Nein, ihr braucht euch nicht grämen. Es wird alles gut. Unter meiner Führung wird es eurem Volk besser gehen.",
  "request"      : "Hättet ihr das gerade zur Verfügung?",
  "thanks"       : "Das ist eine sehr gute Investition. Ich danke euch!",
  "ally_death"   : "Es sind zu viele, ich muss mich zurückziehen. Ich wünsche euch viel Erfolg!",
  "congrats"     : "Sehr gute Arbeit. Das dürfte die Sache bedeutend einfacher machen ...",
  "boast"        : "Wurde auch Zeit dass dort aufgeräumt wird. Das führe ich deutlich besser ...",
  "help"         : "Ich sage das nur sehr ungerne aber ich brauche Unterstützung.",
  "extra"        : "Die ganze Sache zieht sich doch ewig. Das muss doch schneller gehen.",
  "kick_player"  : "unused",
  "add_player"   : "unused",
  "siege"        : "Ich blase zum Angriff. Jede Unterstützung wird gebraucht!",
  "no_attack_1"  : "Ehrlich gesagt passt mir das gerade garnicht ...",
  "no_attack_2"  : "Das ist keine gute Idee. Ich halte mich da raus.",
  "no_help_1"    : "Ich kann momentan echt nicht aushelfen.",
  "no_help_2"    : "Dafür bin ich leider selber zu ausgedünnt ...",
  "no_sent"      : "Das habe ich momentan selber nicht.",
  "sent"         : "Ich bin froh euch aushelfen zu können.",
  "team_winning" : "Ich habe doch gesagt mit mir im Team kann man nur gewinnen!",
  "team_losing"  : "Nur jetzt nicht die Nerven verlieren. Neu sortieren und dann wird das.",
  "help_sent"    : "Natürlich! Hilfe ist bald da.",
  "will_attack"  : "Der Zeitpunkt ist gut. Nutzen wir die Gelegenheit!"
}