{
  "taunt_1"      : "taunt_01.bik",
  "taunt_2"      : "taunt_02.bik",
  "taunt_3"      : "taunt_03.bik",
  "taunt_4"      : "taunt_04.bik",
  "anger_1"      : "anger_01.bik",
  "anger_2"      : "anger_02.bik",
  "plead"        : "plead_01.bik",
  "nervous_1"    : "nervous_01.bik",
  "nervous_2"    : "nervous_02.bik",
  "victory_1"    : "vict_01.bik",
  "victory_2"    : "vict_02.bik",
  "victory_3"    : "vict_03.bik",
  "victory_4"    : "vict_04.bik",
  "request"      : "req_01.bik",
  "thanks"       : "thanks_01.bik",
  "ally_death"   : "ally_death_01.bik",
  "congrats"     : "congrats_01.bik",
  "boast"        : "boast_01.bik",
  "help"         : "help_01.bik",
  "extra"        : "extra_01.bik",
  "siege"        : "siege_01.bik",
  "no_attack_1"  : "noattack_01.bik",
  "no_attack_2"  : "noattack_02.bik",
  "no_help_1"    : "nohelp_01.bik",
  "no_help_2"    : "nohelp_02.bik",
  "no_sent"      : "notsent_01.bik",
  "sent"         : "sent_01.bik",
  "team_losing"  : "team_losing_01.bik",
  "team_winning" : "team_winning_01.bik",
  "help_sent"    : "helpsent_01.bik",
  "will_attack"  : "willattack_01.bik"
}